-- phpMyAdmin SQL Dump
-- version 4.5.4.1
-- http://www.phpmyadmin.net
--
-- Хост: localhost
-- Время создания: Мар 26 2020 г., 19:36
-- Версия сервера: 5.7.11
-- Версия PHP: 5.6.18

SET SQL_MODE = "NO_AUTO_VALUE_ON_ZERO";
SET time_zone = "+00:00";


/*!40101 SET @OLD_CHARACTER_SET_CLIENT=@@CHARACTER_SET_CLIENT */;
/*!40101 SET @OLD_CHARACTER_SET_RESULTS=@@CHARACTER_SET_RESULTS */;
/*!40101 SET @OLD_COLLATION_CONNECTION=@@COLLATION_CONNECTION */;
/*!40101 SET NAMES utf8mb4 */;

--
-- База данных: `notes`
--

-- --------------------------------------------------------

--
-- Структура таблицы `метки`
--

CREATE TABLE `метки` (
  `код метки` int(11) NOT NULL,
  `метка` varchar(100) NOT NULL,
  `код пользователя` int(11) NOT NULL
) ENGINE=InnoDB DEFAULT CHARSET=utf8;

--
-- Дамп данных таблицы `метки`
--

INSERT INTO `метки` (`код метки`, `метка`, `код пользователя`) VALUES
(1, 'метка1', 10),
(2, 'метка2', 10),
(3, 'метка3', 0),
(4, 'идея', 10),
(5, 'мозги', 10),
(6, 'мозги', 10),
(7, '68', 10),
(8, 'идея', 10),
(9, 'контент', 10),
(10, 'новая', 10),
(11, 'контент', 10),
(12, 'метка1', 10),
(13, '111', 10),
(14, '111', 10),
(15, 'метка6', 10),
(16, 'метка7', 10),
(17, '', 10),
(18, 'метка8', 10);

-- --------------------------------------------------------

--
-- Структура таблицы `пользователи`
--

CREATE TABLE `пользователи` (
  `Код пользователя` int(11) NOT NULL,
  `Логин` varchar(50) NOT NULL,
  `Пароль` varchar(255) NOT NULL,
  `Дата регистрации` datetime NOT NULL
) ENGINE=InnoDB DEFAULT CHARSET=utf8;

--
-- Дамп данных таблицы `пользователи`
--

INSERT INTO `пользователи` (`Код пользователя`, `Логин`, `Пароль`, `Дата регистрации`) VALUES
(7, 'srg@asdsad.ru', 'oip[oi[poi000', '2020-03-13 23:14:13'),
(10, 'srgsdk@mail.ru', '$2y$10$KXprNZnCtS.MIj2mkTy5HeRk0skquUfdVRO5lzyeTQFzXZu9gndFy', '2020-03-15 23:25:46'),
(11, 'srgsdk@yandex.ru', '$2y$10$1z4KFOpi6.RKYYTDOcj8kOVSgkivc/Fz0OwnQahDjjGqiIAoetc1O', '2020-03-15 23:31:20'),
(12, 'sadsadj@mail.ru', '$2y$10$9lLwVm2DOpLOP8bfni0vO.4k2R/nhHzLP0cJgxekiDoy97EHTGdz6', '2020-03-16 21:37:31'),
(13, '33@ru.ru', '$2y$10$NIPlAlZDrqUbC4ePyzD/q.oDeKE7KUSKAhJJcFbJnOYcQPjXnxNm2', '2020-03-16 21:37:54'),
(14, 'ssadkov@gmail.com', '$2y$10$.0Z8O.2NkLdyYN.EaTe0f.zdhTIHFpfsSdF4zkxYS1cn/oY24qez2', '2020-03-16 22:28:45'),
(15, 'srg1sdk@mail.ru', '$2y$10$KUt8L52qU/muFDEWaDbpl.THFP8EgB4cFOTDs1oDPl8NrMXZYUn0m', '2020-03-16 22:35:09'),
(16, 'srgsdk@a222.ru', '$2y$10$heHCB.W4F243R6Ck3kKMZOwjnpRJBTm1saEBerkpWC6xTvKUETVjW', '2020-03-16 23:10:21');

-- --------------------------------------------------------

--
-- Структура таблицы `заметки`
--

CREATE TABLE `заметки` (
  `код заметки` int(11) NOT NULL,
  `заголовок` varchar(1024) NOT NULL,
  `текст` text NOT NULL,
  `дата создания` datetime NOT NULL,
  `дата изменения` datetime NOT NULL,
  `изображение` varchar(1024) DEFAULT NULL,
  `код пользователя` int(11) NOT NULL,
  `удалена` tinyint(1) NOT NULL
) ENGINE=InnoDB DEFAULT CHARSET=utf8;

--
-- Дамп данных таблицы `заметки`
--

INSERT INTO `заметки` (`код заметки`, `заголовок`, `текст`, `дата создания`, `дата изменения`, `изображение`, `код пользователя`, `удалена`) VALUES
(1, 'привет! 8', 'я заметка с кодом пользователя 10', '2020-03-18 22:24:34', '2020-03-23 22:46:05', '', 10, 0),
(2, 'вторая заметка', 'снова от srgsdk@mail.ru (10)', '2020-03-18 22:25:47', '2020-03-18 22:25:47', NULL, 10, 0),
(3, 'заметка пользователя 16', 'пароль 1', '2020-03-18 22:27:48', '2020-03-18 22:27:48', NULL, 16, 1),
(4, 'заметка пользователя 16', 'вторая заметочка', '2020-03-18 22:41:56', '2020-03-18 22:41:56', NULL, 16, 1),
(5, 'пользователь 16', 'пароль у него 1', '2020-03-18 22:44:04', '2020-03-20 19:08:22', 'https://ssl.gstatic.com/ui/v1/icons/mail/rfr/logo_gmail_lockup_default_1x.png', 16, 1),
(6, 'заметка №2 (изменена)', 'вторая ценная заметка ааааааааааааааааааа\r\nааааааааааааааааааа\r\nааааааааааааааааааааааа\r\nаааааааааааааааааааааааааааа', '2020-03-18 22:50:15', '2020-03-20 11:32:00', '', 16, 1),
(7, 'заметка с картинкой', 'ценная', '2020-03-20 10:57:09', '2020-03-20 18:57:37', 'https://ssl.gstatic.com/ui/v1/icons/mail/rfr/logo_gmail_lockup_default_1x.png', 16, 1),
(8, 'ещё одна заметочка', 'без картинки', '2020-03-20 10:58:33', '2020-03-20 11:30:18', 'https://sheremetev.aoserver.ru/themes/abound/img/logo.png', 16, 1),
(9, '1', 'лого', '2020-03-20 11:52:06', '2020-03-20 11:52:06', '', 16, 1),
(10, '1', '1', '2020-03-20 12:05:53', '2020-03-20 12:05:53', '', 16, 1),
(11, '2', '2', '2020-03-20 12:06:52', '2020-03-20 12:06:52', '', 16, 1),
(12, '333', '333', '2020-03-20 12:08:16', '2020-03-20 12:08:16', '', 16, 1),
(13, '333', '542432', '2020-03-20 12:09:09', '2020-03-20 12:09:09', '', 16, 1),
(14, 'ewr', 'eqrewr', '2020-03-20 12:09:52', '2020-03-20 12:09:52', '', 16, 1),
(15, '333', '444', '2020-03-20 12:19:56', '2020-03-20 12:19:56', '', 16, 1),
(16, 'файловая', 'тестовая', '2020-03-20 12:52:54', '2020-03-20 12:52:54', '', 16, 1),
(17, 'файловая', 'тестовая', '2020-03-20 12:57:47', '2020-03-20 12:59:02', 'http://localhost/z12/files/logo512.png', 16, 1),
(18, '32432', 'sdfd', '2020-03-20 13:02:48', '2020-03-20 13:02:48', 'http://localhost/z12/add_note.phpfiles/g4197.png', 16, 1),
(19, '32432', 'sdfd', '2020-03-20 13:13:31', '2020-03-20 13:13:31', 'httplocalhost/z12/add_note.phpfiles/g4197.png', 16, 1),
(20, '32432', 'sdfd', '2020-03-20 14:01:23', '2020-03-20 14:01:23', 'localhost/z12/add_note.phpfiles/g4197.png', 16, 1),
(21, '32432', 'sdfd', '2020-03-20 14:01:53', '2020-03-20 14:01:53', 'http://localhost/z12/add_note.phpfiles/g4197.png', 16, 1),
(22, 'ЗАМЕТКА для файла', 'фыкфкекейкуц', '2020-03-20 14:38:29', '2020-03-20 19:21:55', '', 16, 1),
(23, '32423выф', 'фыкфкекейкуц', '2020-03-20 14:39:19', '2020-03-20 14:39:19', 'http://localhost/z12/files/vlcsnap-2018-11-28-01h46m58s981.png', 16, 1),
(24, 'wqewq', 'функциональная', '2020-03-20 18:50:00', '2020-03-20 18:50:00', 'http://localhost/z12/files/vlcsnap-2020-01-19-19h14m43s637.png', 16, 1),
(25, 'ewrew', 'erwer', '2020-03-20 19:00:17', '2020-03-20 19:00:17', 'http://localhost/z12/files/logo512.png', 16, 1),
(26, 'dasdfsa', '2341234', '2020-03-20 19:01:21', '2020-03-20 19:01:21', 'http://localhost/z12/files/g4197.png', 16, 1),
(27, 'птицы', 'ввв', '2020-03-20 19:03:01', '2020-03-20 19:03:01', 'http://localhost/z12/files/test.jpg', 16, 1),
(28, '4543', '213213', '2020-03-20 19:14:45', '2020-03-20 19:15:53', 'http://localhost/z12/files/teatr.jpg', 16, 1),
(29, 'заметка без картинки', 'и без файла', '2020-03-20 19:16:11', '2020-03-20 19:16:11', '', 16, 1),
(30, 'заметка с путём картинки', 'ага', '2020-03-20 19:16:40', '2020-03-20 19:16:40', 'http://yaolenka.ru/images/para-150.jpg', 16, 1),
(31, 'заметка с путём и файлом', 'да', '2020-03-20 19:17:00', '2020-03-20 19:21:46', '', 16, 1),
(32, '', '', '2020-03-20 19:22:02', '2020-03-20 19:22:38', '', 16, 1),
(33, '33', '333', '2020-03-20 19:23:21', '2020-03-20 19:23:40', '', 16, 1),
(34, '', '', '2020-03-20 19:24:01', '2020-03-20 19:24:01', '', 16, 1),
(35, 'eee', 'eee', '2020-03-20 19:24:23', '2020-03-20 19:24:23', '', 16, 1),
(36, 'ewr', 'ewre', '2020-03-20 19:25:22', '2020-03-20 19:50:16', 'http://localhost/z12/files/faces laces 51AB_Mb5GY8.jpg', 16, 1),
(37, 'ewr', 'ewre', '2020-03-20 19:27:56', '2020-03-20 19:27:56', '', 16, 1),
(38, 'ewr', 'ewre', '2020-03-20 19:30:17', '2020-03-20 19:30:17', '', 16, 1),
(39, 'ewr', 'ewre', '2020-03-20 19:30:24', '2020-03-20 19:30:24', '', 16, 1),
(40, 'ewr', 'ewre', '2020-03-20 19:31:10', '2020-03-20 19:31:10', '', 16, 1),
(41, 'ewr', 'ewre', '2020-03-20 19:31:14', '2020-03-20 19:31:14', '', 16, 1),
(42, 'ewr', 'ewre', '2020-03-20 19:31:30', '2020-03-20 19:31:30', 'http://localhost/z12/files/alfa.jpg', 16, 1),
(43, 'ewr', 'ewre', '2020-03-20 19:34:44', '2020-03-20 19:34:44', '', 16, 1),
(44, 'ewr', 'ewre', '2020-03-20 19:34:54', '2020-03-20 19:34:54', 'http://localhost/z12/files/teatr.jpg', 16, 1),
(45, 'ewr', 'ewre', '2020-03-20 19:35:17', '2020-03-20 19:35:17', '', 16, 1),
(46, 'ewr', 'ewre', '2020-03-20 19:35:29', '2020-03-20 19:35:29', '', 16, 1),
(47, 'ewr', 'ewre', '2020-03-20 19:41:28', '2020-03-20 19:41:28', '', 16, 1),
(48, 'ewr', 'ewre', '2020-03-20 19:42:08', '2020-03-20 19:42:08', 'http://localhost/z12/files/IMG_20190106_212841.jpg', 16, 1),
(49, 'добавляем картинку', '555555', '2020-03-20 19:43:07', '2020-03-20 19:43:07', 'http://localhost/z12/files/alfa.jpg', 16, 1),
(50, 'добавляем картинку', '555555', '2020-03-20 19:43:33', '2020-03-20 19:43:33', 'http://localhost/z12/edit_table.php', 16, 1),
(51, 'добавляем картинку', '555555', '2020-03-20 19:47:41', '2020-03-20 19:47:41', 'http://localhost/z12/edit_table.php', 16, 1),
(52, 'добавляем картинку', '555555', '2020-03-20 19:47:51', '2020-03-20 19:47:51', 'http://localhost/z12/files/IMGP2250.JPG', 16, 1),
(53, 'добавляем заметку с картинкой', 'без url', '2020-03-20 19:48:38', '2020-03-20 19:48:38', 'http://localhost/z12/files/teatr.jpg', 16, 1),
(54, 'просто заметка', 'заметная!', '2020-03-20 19:48:58', '2020-03-20 23:04:22', 'http://localhost/z13/files/yandex-grant.png', 16, 0),
(55, 'вторая заметка', '3у342342', '2020-03-20 22:07:54', '2020-03-20 23:09:31', 'http://localhost/z13/files/alfa.jpg', 16, 0),
(56, 'заметка с картинкой', 'с URL', '2020-03-20 22:20:09', '2020-03-20 23:09:55', 'http://localhost/z13/files/g4197.png', 16, 0),
(57, 'заметка с картинкой', 'загружаемая', '2020-03-20 23:01:14', '2020-03-20 23:04:08', '', 16, 0),
(58, 'заметка 4', 'вждыовфавыафывакуфц\r\n', '2020-03-23 22:32:53', '2020-03-23 22:32:53', '', 10, 0),
(59, 'заметка 5', '', '2020-03-23 22:33:00', '2020-03-23 22:33:00', '', 10, 0),
(60, 'заметка 6', 'фпыаымясааааааааа', '2020-03-23 22:33:07', '2020-03-26 22:36:09', '', 10, 0),
(61, 'заметка 7', '', '2020-03-23 22:33:12', '2020-03-23 22:33:12', '', 10, 0),
(62, 'текстовая заметка', 'зам', '2020-03-23 22:33:18', '2020-03-23 22:33:18', '', 10, 0),
(63, 'safdas', 'aerwearw', '2020-03-24 22:37:47', '2020-03-24 22:37:47', '', 10, 1),
(64, 'safdas', 'aerwearw', '2020-03-24 22:39:04', '2020-03-24 22:39:04', '', 10, 1),
(65, 'safdas', 'aerwearw', '2020-03-24 22:39:08', '2020-03-24 22:39:08', '', 10, 1),
(66, 'safdas', 'aerwearw', '2020-03-24 22:39:43', '2020-03-24 22:39:43', '', 10, 1),
(67, 'safdas', 'aerwearw', '2020-03-24 22:39:43', '2020-03-24 22:39:43', '', 10, 1),
(68, 'safdas', 'aerwearw', '2020-03-24 22:42:12', '2020-03-24 22:42:12', '', 10, 0),
(69, 'заметка для метки 3', 'aerwearw', '2020-03-24 22:44:24', '2020-03-24 22:44:24', '', 10, 0),
(70, 'заметка с меткой пользователя', 'ага', '2020-03-24 23:50:11', '2020-03-24 23:50:11', '', 10, 0),
(71, 'заметка с меткой юзера', 'тут', '2020-03-24 23:51:52', '2020-03-24 23:51:52', '', 10, 0),
(72, 'заметка 68', 'на самом деле не 68', '2020-03-25 21:54:28', '2020-03-25 21:54:28', '', 10, 0),
(73, 'заметка', 'с метками идея и контент', '2020-03-25 22:24:52', '2020-03-25 22:24:52', '', 10, 0),
(74, 'заметка с метками', 'новая, контент', '2020-03-25 22:25:58', '2020-03-25 22:25:58', '', 10, 0),
(75, 'заметка с метками', '', '2020-03-25 22:27:31', '2020-03-25 22:27:31', '', 10, 0),
(76, '', '', '2020-03-25 22:27:58', '2020-03-25 22:27:58', '', 10, 0),
(77, '', 'останется только 6', '2020-03-25 22:29:34', '2020-03-26 21:15:10', '', 10, 0),
(78, '', '', '2020-03-25 22:29:34', '2020-03-25 22:29:34', '', 10, 0),
(79, '86y7869', 'фвыавфыаы', '2020-03-25 22:30:02', '2020-03-26 20:58:22', '', 10, 0);

-- --------------------------------------------------------

--
-- Структура таблицы `заметки метки`
--

CREATE TABLE `заметки метки` (
  `код связи` int(11) NOT NULL,
  `код заметки` int(11) NOT NULL,
  `код метки` int(11) NOT NULL
) ENGINE=InnoDB DEFAULT CHARSET=utf8;

--
-- Дамп данных таблицы `заметки метки`
--

INSERT INTO `заметки метки` (`код связи`, `код заметки`, `код метки`) VALUES
(1, 68, 1),
(2, 68, 2),
(3, 69, 3),
(4, 69, 2),
(5, 70, 1),
(6, 70, 2),
(7, 71, 4),
(8, 71, 5),
(9, 72, 6),
(10, 72, 7),
(11, 73, 8),
(12, 73, 9),
(13, 74, 10),
(14, 74, 11),
(15, 75, 12),
(16, 75, 13),
(17, 76, 14),
(18, 76, 15),
(20, 78, 13),
(22, 78, 15),
(23, 79, 15),
(24, 79, 16),
(25, 79, 16),
(26, 79, 15),
(27, 79, 18),
(28, 79, 16),
(29, 79, 15),
(30, 79, 18),
(31, 79, 18),
(32, 79, 15),
(33, 79, 16),
(34, 79, 17),
(56, 77, 15),
(59, 60, 1),
(60, 60, 17);

--
-- Индексы сохранённых таблиц
--

--
-- Индексы таблицы `метки`
--
ALTER TABLE `метки`
  ADD PRIMARY KEY (`код метки`);

--
-- Индексы таблицы `пользователи`
--
ALTER TABLE `пользователи`
  ADD PRIMARY KEY (`Код пользователя`);

--
-- Индексы таблицы `заметки`
--
ALTER TABLE `заметки`
  ADD PRIMARY KEY (`код заметки`);

--
-- Индексы таблицы `заметки метки`
--
ALTER TABLE `заметки метки`
  ADD PRIMARY KEY (`код связи`);

--
-- AUTO_INCREMENT для сохранённых таблиц
--

--
-- AUTO_INCREMENT для таблицы `метки`
--
ALTER TABLE `метки`
  MODIFY `код метки` int(11) NOT NULL AUTO_INCREMENT, AUTO_INCREMENT=19;
--
-- AUTO_INCREMENT для таблицы `пользователи`
--
ALTER TABLE `пользователи`
  MODIFY `Код пользователя` int(11) NOT NULL AUTO_INCREMENT, AUTO_INCREMENT=17;
--
-- AUTO_INCREMENT для таблицы `заметки`
--
ALTER TABLE `заметки`
  MODIFY `код заметки` int(11) NOT NULL AUTO_INCREMENT, AUTO_INCREMENT=80;
--
-- AUTO_INCREMENT для таблицы `заметки метки`
--
ALTER TABLE `заметки метки`
  MODIFY `код связи` int(11) NOT NULL AUTO_INCREMENT, AUTO_INCREMENT=61;
/*!40101 SET CHARACTER_SET_CLIENT=@OLD_CHARACTER_SET_CLIENT */;
/*!40101 SET CHARACTER_SET_RESULTS=@OLD_CHARACTER_SET_RESULTS */;
/*!40101 SET COLLATION_CONNECTION=@OLD_COLLATION_CONNECTION */;
